,noun
0,休日
1,穴場
2,備忘録
3,土日
4,祝
5,ランチ
6,アイドル
7,タイム
8,営業
9,真っ
10,只
11,中
12,神宮
13,野球
14,閑散
15,外苑
16,前
17,日本
18,青年
19,館
20,チケット
21,争奪
22,戦
23,戦士
24,土日
25,祝
26,デーゲーム
27,帰り
28,ビール
29,価格
30,据え置き
31,神宮
32,ー
33,ヤクルトスワローズ
34,ファン
35,感謝
36,祭
37,帰り
38,友人
39,秩父宮
40,ラグビー
41,開催
42,店内
43,ガラガラ
44,席
45,スワローズ
46,小学生
47,チーム
48,家族
49,リーズナブル
50,鶏
51,何
52,度
53,利用
54,今回
55,友人
56,オーダー
57,里芋
58,唐
59,揚げ
60,¥
61,里芋
62,好き
63,大
64,好物
65,友人
66,サプライズ
67,誕生
68,パーティー
69,開催
70,個室
71,利用
72,大学
73,ラグビー
74,観戦
75,帰り
76,チェーン
77,店
78,他
79,鳥
80,メロ
81,安定
82,酒
83,料理
84,安定
85,価格
86,提供
87,店
88,一番
89,利点
90,キャパ
91,神宮
92,秩父宮
93,一
94,度
95,人
96,期待
97,送別
98,会
99,テーブル
100,予約
101,コース
102,放題
103,注文
104,白菜
105,サラダ
106,白菜
107,小気味
108,鶏
109,ハム
110,キュッ
111,食
112,感
113,玉ねぎ
114,爽やか
115,赤
116,大根
117,シャッキリ
118,食
119,感
120,メリハリ
121,鶏
122,炭火
123,焼き
124,大皿
125,提供
126,炭火
127,鶏肉
128,手
129,食
130,感
131,鶏肉
132,旨味
133,何
134,出汁
135,卵
136,銘柄
137,卵
138,黄身
139,色
140,味
141,スープ
142,炭
143,用意
144,用意
145,鶏
146,串
147,底
148,方
149,大根
150,出汁
151,上質
152,スープ
153,炭
154,緩やか
155,火
156,鍋
157,半分
158,サイズ
159,親子
160,丼
161,親子
162,丼
163,スープ
164,用意
165,放題
166,価格
167,小銭
168,料理
169,バラエティ
170,飲み物
171,一
172,通り
173,便利
174,結構
175,ボリューム
176,ランチ
177,ラインナップ
178,写真
179,付き
180,メニュー
181,時
182,印刷
183,日替わり
184,メニュー
185,カツ
186,定食
187,キャベツ
188,千切り
189,ドレッシング
190,ポテサラ
191,ミニ
192,トマト
193,ペンネ
194,トマト
195,ソース
196,鶏
197,スープ
198,大根
199,野菜
200,天
201,メイン
202,カツ
203,味
204,カツ
205,チキン
206,カツ
207,同僚
208,皿
209,割り下
210,量
211,個体
212,差
213,三つ葉
214,玉ねぎ
215,キャベツ
216,野菜
217,平日
218,時
219,分
220,店
221,利用
222,人
223,ランチタイム
224,混雑
225,分
226,入
227,店
228,ランチ
229,時
230,前後
231,価格
232,帯
233,米
234,ランチ
235,セット
236,今回
237,日
238,鳥
239,定食
240,注文
241,注文
242,提供
243,分
244,料理
245,熱々
246,作り
247,スピーディー
248,印象
249,感想
250,インパクト
251,印象
252,味
253,想定
254,特段
255,鶏
256,香り
257,印象
258,唯一
259,大根
260,厚
261,揚げ
262,卵
263,提供
264,卵
265,半熟
266,卵
267,味
268,強調
269,ボリューム
270,量
271,他
272,代わり
273,自由
274,オプション
275,全体
276,満足
277,感
278,以外
279,セット
280,鶏
281,鶏
282,カツ
283,風
284,鳥
285,味
286,全体
287,的
288,量
289,質
290,印象
291,青山
292,一
293,丁目
294,駅
295,隣接
296,青山
297,ビルヂング
298,地下
299,飲食
300,店
301,街
302,大幅
303,リニューアル
304,一
305,度
306,足
307,スタバ
308,利用
309,ワタ
310,クシ
311,縁
312,店
313,屋
314,高
315,評価
316,店
317,朝
318,ソバ
319,昼
320,敬遠
321,コロナ
322,禍
323,突入
324,昼休み
325,次
326,予定
327,飲食
328,店
329,街
330,機会
331,日比谷
332,園
333,満席
334,入
335,店
336,待ち
337,アラ
338,担
339,麺
340,向かい
341,屋
342,出汁
343,ラーメン
344,物
345,試し
346,次
347,カレー
348,セット
349,単品
350,唐
351,揚げ
352,プラス
353,ラーメン
354,一風
355,ビジュアル
356,コラーゲン
357,白濁
358,スープ
359,鶏
360,ポタ
361,系
362,ポタ
363,加減
364,表現
365,親指
366,人差し指
367,糸
368,口中
369,トロ
370,鶏
371,出汁
372,素直
373,パツパツ
374,ストレート
375,細
376,麺
377,確か
378,串
379,タレ
380,焼鳥
381,味
382,見た目
383,他
384,鶏
385,ハム
386,半熟
387,玉子
388,鶏
389,三昧
390,親子
391,ラーメン
392,ミニ
393,カレー
394,鶏
395,出汁
396,カレー
397,オプション
398,唐
399,揚げ
400,ウマ
401,個
402,個
403,サクッ
404,食
405,感
406,味
407,塩梅
408,池袋
409,西口
410,年
411,半
412,前
413,屋
414,繁盛
415,手
416,興味
417,当店
418,時間
419,的
420,理由
421,正直
422,期待
423,イケ
424,感想
425,鍋
426,後
427,的
428,出汁
429,スープ
430,勝手
431,イメージ
432,意味
433,期待
434,飲食
435,店
436,街
437,足
438,サッパリ
439,当店
440,鶏
441,塩
442,ラーメン
443,気
444,当店
445,ランチ
446,定食
447,メイン
448,ラーメン
449,脂
450,好き
451,ラーメン
452,マニア
453,ワタ
454,シ
455,歳
456,オッサン
457,フォンダ・デ・ラ・マドゥルガーダ
458,日本人
459,スタッフ
460,本格
461,派
462,年
463,月
464,日
465,現在
466,ログ
467,評価
468,.
469,東京
470,仕事
471,後
472,疲れ
473,食事
474,会
475,日曜
476,神宮前
477,エリア
478,夜
479,嘘
480,限り
481,店
482,状況
483,下
484,ログ
485,検索
486,ヒット
487,メキシコ
488,料理
489,店
490,圏内
491,居酒屋
492,ランキング
493,トップ
494,登場
495,チップ
496,雰囲気
497,サービス
498,料
499,込み
500,スルー
501,ムード
502,満点
503,デート
504,利用
505,仲間
506,内
507,パーティ
508,商談
509,本場
510,味
511,人数
512,単価
513,的
514,楽観
515,事態
516,サービス
517,料
518,店
519,損
520,/
521,_
522,/
523,_
524,/_/_/_/_/_/_/_/_/_/_/_/_/
525,翌日
526,体重
527,増減
528,+
529,.
530,累計
531,体重
532,変動
533,-
534,.
535,/
536,_
537,/
538,_
539,/_/_/_/_/_/_/_/_/_/_/_/_/
540,神宮前
541,堀田
542,英二
543,氏
544,設計
545,集合
546,住宅
547,ビラ・ビアンカ
548,年
549,前
550,誕生
551,都市
552,居住
553,型
554,集合
555,住宅
556,プライバシー
557,通り
558,斜め
559,住戸
560,内部
561,空間
562,外部
563,空間
564,交互
565,形状
566,堀
567,複雑
568,独特
569,造形
570,美
571,木組み
572,デザイン
573,再現
574,壁
575,全て
576,ガラス
577,外観
578,和
579,雰囲気
580,斬新
581,店
582,ビンテージ
583,有名
584,建築
585,地下
586,通り
587,ゲート
588,サイン
589,異国
590,情緒
591,複雑
592,階段
593,下
594,下
595,到達
596,看板
597,階段
598,途中
599,大
600,空間
601,メキシコ
602,夜
603,賑やか
604,造作
605,家具
606,全て
607,素朴
608,意匠
609,センス
610,最下
611,階
612,到着
613,吹き抜け
614,部屋
615,平面
616,構成
617,柱
618,有機
619,的
620,空間
621,形状
622,洞窟
623,遺跡
624,日本
625,都会
626,希少
627,貴重
628,空間
629,コロナ
630,禍
631,営業
632,マリアッチ
633,生
634,演奏
635,一
636,人
637,片言
638,日本語
639,会話
640,場
641,曲
642,演奏
643,空間
644,演出
645,料理
646,本場
647,感
648,満載
649,謎
650,地下
651,空間
652,メキシコ
653,情緒
654,カルド・トラルペニーニョ
655,豆
656,ジャガイモ
657,チキン
658,スープ
659,状態
660,ピリ
661,辛
662,野菜
663,瞬間
664,超
665,刺激
666,ヒー
667,生
668,唐辛子
669,グアカモーレアボカド
670,ディップ
671,アボカド
672,玉ねぎ
673,シャキッ
674,ライム
675,酸味
676,美味
677,トルティーヤチップス
678,三角形
679,味
680,形
681,本場
682,感
683,セビチェライム
684,香り
685,爽やか
686,白身
687,魚
688,マリネ
689,肉
690,厚
691,白身
692,弾力
693,心地
694,オリーブ
695,深み
696,贅沢
697,感
698,カマロネス・アル・テキーラ
699,絶品
700,海老
701,グリル
702,テキーラ
703,クリーム
704,ソース
705,海老
706,甲羅
707,テキーラ
708,コク
709,ワイルド
710,見た目
711,上質
712,最後
713,ソース
714,ライス
715,南米
716,友達
717,現地
718,メキシコ
719,料理
720,店
721,オススメ
722,⭐
723,日曜
724,夕方
725,当日
726,電話
727,予約
728,店
729,電話
730,店
731,途中
732,電話
733,無事
734,来店
735,ドア
736,階下
737,ラテン
738,下町
739,異国
740,情緒
741,巨大
742,空間
743,メキシコ
744,テーマパーク
745,現地
746,トリップ
747,錯覚
748,空間
749,通り
750,道
751,沿い
752,ドア
753,空間
754,一同
755,テンション
756,高め
757,席
758,各
759,テカテ
760,片手
761,乾杯
762,ワカモーレ
763,ビール
764,ワカモーレ
765,塩
766,気
767,庶民
768,的
769,味つけ
770,ハラペーニョ
771,チーズ
772,フリット
773,供
774,酒
775,料理
776,メイン
777,念願
778,鶏肉
779,チョコ
780,ソース
781,味
782,興味津々
783,味
784,チョコレート
785,前面
786,スパイス
787,中
788,チョコ
789,プラス
790,鶏肉
791,料理
792,席
793,数
794,オーバー
795,デカバコ
796,スタッフ
797,フロア
798,オーダー
799,気
800,テーブル
801,フレンドリー
802,料理
803,相談
804,マリアッチ
805,テーブル
806,賑やか
807,雰囲気
808,フロア
809,年の瀬
810,友達
811,食事
812,大
813,人数
814,邪魔
815,大好き
816,クラフト
817,ビール
818,エール
819,醸造
820,元
821,ヤッホーブルーイング
822,ビアレストラン
823,ー
824,気
825,今回
826,節分
827,企画
828,インド
829,青
830,鬼
831,無
832,濾過
833,万障
834,都内
835,店舗
836,中
837,渋谷
838,表参道
839,駅
840,北側
841,青山
842,店
843,青山
844,通り
845,脇道
846,ビル
847,地下
848,立地
849,店内
850,カウンター
851,席
852,バック
853,バー
854,馴染み
855,銘柄
856,タップ
857,テーブル
858,席
859,ファミレス
860,席
861,数
862,思いのほか
863,大箱
864,メニュー
865,ＱＲ
866,コード
867,ダウンロード
868,オーダー
869,普通
870,口頭
871,注文
872,インド
873,青
874,鬼
875,無
876,濾過
877,+
878,税
879,イント
880,゙
881,青
882,鬼
883,大好き
884,゙すが
885,無
886,濾過
887,゙
888,苦味
889,旨み
890,゙
891,他
892,゙
893,スモールサイス
894,゙
895,ク
896,゙
897,ラス
898,゙よなよな
899,エール
900,゙ちょっと
901,感
902,゙が
903,和牛
904,恵方
905,巻
906,+
907,税
908,商品
909,名
910,水曜日
911,ネコ
912,+
913,税
914,僕
915,ビール
916,君
917,ビール
918,+
919,税
920,クラフト
921,ビール
922,中
923,メジャー
924,ヤッホーブルーイング
925,コンビニ
926,銘柄
927,有名
928,タップ
929,レシ
930,゙
931,゙た
932,水曜日
933,ネコ
934,イント
935,゙
936,青
937,鬼
938,缶
939,ハ
940,゙
941,ッシ
942,゙
943,好き
944,物
945,゚いで
946,テンション
947,上
948,゙るお
949,店
950,゙した
951,⤴
952,⤴
953,⤴
954,ビール
955,好き
956,必見
957,⠀⠀
958,表参道
959,⠀⠀⠀⠀⠀⠀
960,エール
961,クラフト
962,ビール
963,メーカー
964,界
965,最大手
966,株式会社
967,ヤッホーブルーイング
968,展開
969,クラフト
970,ビール
971,⠀⠀
972,普段
973,ビール
974,殆ど
975,店
976,気
977,⠀⠀
978,都内
979,展開
980,エール
981,店舗
982,今回
983,南
984,青山
985,店
986,初
987,訪問
988,⠀⠀
989,階段
990,地下
991,店内
992,黄色
993,基調
994,大人
995,雰囲気
996,印象
997,的
998,⠀⠀
999,今回
1000,フルーティー
1001,水曜日
1002,ネコ
1003,ビター
1004,インド
1005,青
1006,鬼
1007,⠀⠀
1008,真
1009,逆
1010,違い
1011,インド
1012,青
1013,鬼
1014,香り
1015,個人
1016,的
1017,ツマミ
1018,⠀⠀
1019,他
1020,色々
1021,種類
1022,ビール
1023,好き
1024,方
1025,⠀⠀
1026,⠀
1027,⠀
1028,_
1029,_
1030,_
1031,_
1032,_
1033,_
1034,_
1035,_
1036,________________________⠀
1037,飯田橋
1038,神楽坂
1039,中心
1040,歩き
1041,好き
1042,方
1043,気軽
1044,一緒
1045,⠀
1046,_
1047,_
1048,_
1049,_
1050,_
1051,_
1052,_
1053,_
1054,________________________⠀
1055,⠀
1056,⠀【
1057,店舗
1058,概要
1059,◼
1060,⠀
1061,⠀
1062,住所
1063,東京
1064,都
1065,港
1066,区
1067,南青山
1068,-
1069,-
1070,松本
1071,ビル
1072,⠀
1073,価格
1074,：¥
1075,〜⠀⠀
1076,定休
1077,日
1078,⠀
1079,無休
1080,⠀⠀
1081,営業
1082,時間
1083,⠀⠀[
1084,月
1085,-
1086,金
1087,]⠀
1088,:
1089,-
1090,:
1091,⠀⠀
1092,ビール
1093,料理
1094,質
1095,担保
1096,仲間
1097,安心
1098,軒
1099,次第
1100,瀟洒
1101,店内
1102,カウンター
1103,高
1104,テーブル
1105,構成
1106,席
1107,窮屈
1108,印象
1109,皆無
1110,時間
1111,制約
1112,種
1113,ビア
1114,群
1115,スタンダード
1116,リミテッド
1117,スペシャル
1118,カテゴリ
1119,分類
1120,中
1121,主
1122,スタンダード
1123,対象
1124,種
1125,種
1126,セット
1127,メニュー
1128,━━《
1129,━━
1130,印象
1131,@◆
1132,焼き
1133,チーズ
1134,カレー
1135,@◆
1136,牛
1137,肉
1138,野菜
1139,トマト
1140,@◆
1141,山小屋
1142,スモーキーチーズフォンデュ
1143,@━━《
1144,》━━
1145,会社
1146,同僚
1147,男
1148,名
1149,忘年会
1150,平日
1151,:
1152,頃
1153,訪問
1154,ログ
1155,ネット
1156,予約
1157,利用
1158,名
1159,用
1160,テーブル
1161,席
1162,女子
1163,人
1164,利用
1165,～★
1166,周り
1167,カップル
1168,コンパ
1169,利用
1170,～
1171,時
1172,食事
1173,ドリンク
1174,多め
1175,今回
1176,カクテル
1177,焼酎
1178,キティ
1179,好き
1180,♪
1181,食事
1182,注文
1183,注文
1184,商品
1185,事
1186,食事
1187,♪★
1188,ズワイガニ
1189,グラタンピザグラタン
1190,濃厚
1191,～
1192,チーズ
1193,～
1194,ピザ
1195,シラス
1196,大葉
1197,ピザ
1198,ピザ
1199,シラス
1200,大葉
1201,チーズ
1202,鯛
1203,キャベツ
1204,パスタ
1205,量
1206,大
1207,印象
1208,～
1209,鯛
1210,～★
1211,生
1212,ハム
1213,チーズ
1214,サラダバルサミコ
1215,酢
1216,ドレッシング
1217,生
1218,タコ
1219,カルパッチョカルパッチョ
1220,大好き
1221,～
1222,他
1223,料理
1224,ドリンク
1225,サプライズ
1226,前祝い
1227,誕生
1228,日
1229,ケーキ
1230,用意
1231,～★♪
1232,ケーキ
1233,店
1234,用意
1235,イチゴ
1236,プレゼント
1237,～★♪
1238,年
1239,以上
1240,友人
1241,達
1242,好み
1243,ウレシス
1244,★♪
1245,店
1246,前
1247,何
1248,度
1249,一
1250,度
1251,利用
1252,人
1253,放題
1254,メニュー
1255,ソファー
1256,席
1257,空間
1258,料理
1259,酒
1260,機会
1261,テラス
1262,バーベキュー
1263,ランチ
1264,仲間
1265,利用
1266,表参道
1267,仲間
1268,時間
1269,週末
1270,貴重
1271,時間
1272,最高
1273,レストラン
1274,放題
1275,生ビール
1276,デス
1277,他
1278,飲み物
1279,充実
1280,時間
1281,時半
1282,延長
1283,プラン
1284,時間
1285,コース
1286,今度
1287,邪魔
1288,店長
1289,接客
1290,最高
1291,食事
1292,価格
1293,サービス
1294,最高
1295,本日
1296,オーダー
1297,放題
1298,コース
1299,内容
1300,先付け
1301,季節
1302,豆腐
1303,彩り
1304,野菜
1305,煮浸し
1306,味
1307,枝豆
1308,豆腐
1309,種類
1310,造り
1311,造り
1312,三
1313,種
1314,赤身
1315,焼き物
1316,鰆
1317,焼
1318,コレ
1319,抜群
1320,焼き魚
1321,煮物
1322,鶏
1323,団子
1324,大根
1325,白味噌
1326,仕立て
1327,コレ
1328,団子
1329,小
1330,芋
1331,ダシ
1332,最高
1333,一
1334,杯
1335,小鉢
1336,海苔
1337,冷静
1338,茶碗蒸し
1339,コレ
1340,方
1341,日
1342,揚げ物
1343,鶏
1344,コロッケコレ
1345,最高
1346,一緒
1347,物
1348,最高
1349,デザート
1350,自家製
1351,杏仁
1352,豆腐
1353,今回
1354,大
1355,満足
1356,表参道
1357,今回
1358,何
1359,位
1360,目
1361,料理
1362,サービス
1363,コストパフォーマンス
1364,表参道
1365,場所
1366,表参道
1367,駅
1368,分
1369,店
1370,地下
1371,今回
1372,料理
1373,枝豆
1374,豆腐
1375,味
1376,刺身
1377,刺身
1378,サーモン
1379,マグロ
1380,ブリ
1381,東京
1382,限界
1383,焼き物
1384,焼き物
1385,ソース
1386,椀
1387,物
1388,味付け
1389,具
1390,材
1391,味
1392,コロッケ
1393,コロッケ
1394,アツアツ
1395,ホクホク
1396,食事
1397,赤味噌
1398,味噌汁
1399,表参道
1400,一番
1401,的
1402,人
1403,オススメ
1404,レベル
1405,表参道
1406,会
1407,最近
1408,放題
1409,料理
1410,一番
1411,気
1412,豆腐
1413,醤油
1414,焼き
1415,大根
1416,柚子
1417,タコ
1418,昆布
1419,酢の物
1420,鶏肉
1421,揚げ物
1422,冷や
1423,杏仁
1424,豆腐
1425,二
1426,時間
1427,放題
1428,価格
1429,消費
1430,税込み
1431,内容
1432,場所
1433,柄
1434,表参道
1435,店
1436,仲間
1437,ボリューム
1438,サービス
1439,一番
1440,社員
1441,教育
1442,サービス
1443,何
1444,番
1445,ワン
1446,会計
1447,時
1448,トラブル
1449,挽回
1450,店長
1451,笑顔
1452,店
1453,今回
1454,鶏肉
1455,揚げ
1456,味
1457,酒
1458,別
1459,店
1460,仲間
1461,表参道
1462,時
1463,オススメ
1464,店
1465,今日
1466,回
1467,目
1468,今日
1469,満足
1470,社員
1471,教育
1472,スタッフ
1473,対応
1474,今日
1475,回
1476,目
1477,訪問
1478,一
1479,人
1480,コース
1481,表参道
1482,付近
1483,一番
1484,クォルティ
1485,価格
1486,バランス
1487,本日
1488,コース
1489,内容
1490,下記
1491,通り
1492,プラス
1493,税
1494,コース
1495,放題
1496,付き
1497,スタート
1498,時
1499,料理
1500,酒
1501,後半
1502,スピード
1503,挽回
1504,笑
1505,笑
1506,先
1507,付
1508,季節
1509,豆腐
1510,彩り
1511,野菜
1512,煮浸し
1513,造り
1514,三
1515,種
1516,盛り合わせ
1517,赤身
1518,青
1519,魚
1520,サーモン
1521,焼物
1522,鰆
1523,醤油
1524,麹
1525,焼き
1526,金平
1527,練
1528,蓮根
1529,強
1530,肴
1531,冬
1532,大根
1533,柚子
1534,鶏
1535,餡
1536,小鉢
1537,水
1538,蛸
1539,瓜
1540,胡瓜
1541,若布
1542,土佐
1543,酢
1544,ジュレ
1545,揚物
1546,鶏
1547,締め
1548,物
1549,細
1550,打ち
1551,饂飩
1552,甘味
1553,自家製
1554,杏仁
1555,豆腐
1556,最初
1557,豆腐
1558,鰆
1559,揚げ物
1560,チキン
1561,感じ
1562,最後
1563,杏仁
1564,豆腐
1565,宴会
1566,オススメ
1567,店
1568,報告
1569,場所
1570,表参道
1571,駅
1572,五
1573,分
1574,程度
1575,場所
1576,骨董
1577,通り
1578,店
1579,店
1580,入り口
1581,表
1582,裏側
1583,エレベーター
1584,店
1585,店
1586,雰囲気
1587,高級
1588,感
1589,オブジェ
1590,鎌倉
1591,形
1592,個室
1593,面白み
1594,デート
1595,接待
1596,店
1597,店員
1598,接客
1599,食事
1600,大
1601,満足
1602,マジ
1603,感じ
1604,結論
1605,オススメ
1606,店
1607,今日
1608,オーダー
1609,コース
1610,当日
1611,限定
1612,熟成
1613,牛
1614,ステーキ
1615,コース
1616,花
1617,放題
1618,+
1619,税
1620,メニュー
1621,内容
1622,下記
1623,通り
1624,豆腐
1625,旬
1626,椀
1627,造り
1628,三
1629,種
1630,カニ
1631,クリーム
1632,コロッケ
1633,箸休め
1634,旬
1635,熟成
1636,牛
1637,ステーキトリュフバター
1638,季節
1639,杏仁
1640,豆腐
1641,最初
1642,豆腐
1643,海外
1644,方
1645,味
1646,椀
1647,豆腐
1648,感じ
1649,造り
1650,マグロ
1651,ハマチ
1652,ハマチ
1653,脂
1654,カニ
1655,クリーム
1656,コロッケ
1657,タルタルソース
1658,感じ
1659,私
1660,好み
1661,料理
1662,箸休め
1663,モズク
1664,柑橘
1665,系
1666,味
1667,モズク
1668,大
1669,満足
1670,熟成
1671,牛
1672,ステーキ
1673,最後
1674,デザート
1675,ティラミス
1676,変更
1677,料理
1678,雰囲気
1679,サービス
1680,店
1681,今日
1682,房
1683,夕食
1684,前菜
1685,盛り合わせ
1686,クリームチーズカラスミ
1687,松前
1688,漬
1689,鴨
1690,ロース
1691,種類
1692,種
1693,刺身
1694,豚
1695,角
1696,オーダー
1697,昨日
1698,カラ
1699,スミ
1700,オーダー
1701,蕎麦
1702,品切れ
1703,連
1704,チャン
1705,隠れ
1706,房
1707,夕食
1708,昨日
1709,牛
1710,塩
1711,煮込み
1712,ダイヤモンド
1713,ダイニング
1714,隠れ
1715,房
1716,反省
1717,会
1718,夕食
1719,久しぶり
1720,利用
1721,生ビール
1722,麦
1723,焼酎
1724,麻生
1725,富士子
1726,オーダー
1727,茶碗蒸し
1728,オーダー
1729,造り
1730,盛り合わせ
1731,隠れ
1732,房
1733,ディナー
1734,利用
1735,ダイヤモンド
1736,ダイニング
1737,業態
1738,店舗
1739,業態
1740,ダイヤモンド
1741,ダイニング
1742,隠れ
1743,房
1744,業態
1745,店舗
1746,内装
1747,オシャレ
1748,半
1749,個室
1750,豊富
1751,店内
1752,カラオケ
1753,ルーム
1754,宣伝
1755,雰囲気
1756,感じ
1757,煮物
1758,オーダー
1759,生
1760,湯葉
1761,和食
1762,ダイニング
1763,利用
1764,全体
1765,的
1766,金額
1767,コス
1768,パ
1769,メニュー
1770,金額
1771,設定
1772,高め
1773,店
1774,雰囲気
1775,店内
1776,接待
1777,熟成
1778,牛
1779,鉄板
1780,焼き
1781,トリュフ
1782,バター
1783,トリュフ
1784,バター
1785,アクセント
1786,肉
1787,産地
1788,直送
1789,会津
1790,産
1791,馬刺し
1792,四
1793,種
1794,盛り合わせ
1795,種類
1796,馬肉
1797,タレ
1798,店
1799,際
1800,一つ
1801,注文
1802,長芋
1803,醤油
1804,漬け
1805,予想
1806,イメージ
1807,通り
1808,味
1809,蟹
1810,クリーム
1811,コロッケ
1812,釜飯
1813,締め
1814,注文
1815,分
1816,注文
1817,先
1818,方
1819,隠れ
1820,房
1821,雰囲気
1822,カラオケ
1823,店
1824,雰囲気
1825,夏
1826,真っ盛り
1827,日
1828,暑気
1829,払い
1830,上司
1831,言葉
1832,後輩
1833,時間
1834,放題
1835,希望
1836,中華
1837,料理
1838,部員
1839,奇跡
1840,的
1841,店
1842,銀座
1843,外苑
1844,前
1845,①
1846,店
1847,外観
1848,雰囲気
1849,インテリア
1850,外苑
1851,前
1852,青山
1853,一
1854,丁目
1855,中間
1856,地点
1857,駅
1858,地下
1859,店
1860,地上
1861,入り口
1862,付近
1863,立て
1864,看板
1865,店内
1866,テーブル
1867,席
1868,卓
1869,席
1870,間隔
1871,窮屈
1872,感じ
1873,床
1874,清掃
1875,油
1876,ヒール
1877,靴
1878,方
1879,要注意
1880,②
1881,料理
1882,驚異
1883,宴会
1884,コース
1885,料理
1886,全
1887,種類
1888,料理
1889,種
1890,時間
1891,放題
1892,⑤
1893,放題
1894,メニュー
1895,中
1896,生ビール
1897,ビール
1898,不思議
1899,味
1900,放題
1901,ドリンク
1902,メニュー
1903,紹興酒
1904,ボトル
1905,料金
1906,的
1907,得
1908,未開
1909,栓
1910,供
1911,安心
1912,外苑
1913,前
1914,駅
1915,青山
1916,一
1917,丁目
1918,駅
1919,間
1920,ランチ
1921,時
1922,財布
1923,中華
1924,ランチ
1925,スポット
1926,ランチ
1927,定食
1928,弱
1929,白米
1930,主
1931,菜
1932,組み合わせ
1933,他
1934,チャーハン
1935,麺類
1936,セット
1937,今回
1938,定食
1939,主
1940,菜
1941,ボリューミー
1942,ライス
1943,自由
1944,盛り
1945,育ち
1946,盛り
1947,皆さん
1948,仕様
1949,次第
1950,店内
1951,テーブル
1952,席
1953,丸
1954,テーブル
1955,庶民
1956,中華
1957,食堂
1958,雰囲気
1959,━━《
1960,━━◆
1961,ランチ
1962,定食
1963,│
1964,豚肉
1965,玉子
1966,キクラゲ
1967,@
1968,全
1969,点
1970,セット
1971,主
1972,菜
1973,春巻き
1974,ライス
1975,スープ
1976,デザート
1977,ホット
1978,コーヒー
1979,豚肉
1980,玉子
1981,キクラゲ
1982,オイリー
1983,豚
1984,バラ
1985,肉
1986,ピリ
1987,辛
1988,味付け
1989,キクラゲ
1990,食
1991,感
1992,アクセント
1993,ホワホワ
1994,玉子
1995,シメジ
1996,筍
1997,人参
1998,青菜
1999,味
2000,栄養
2001,バランス
2002,的
2003,米
2004,パサ
2005,逆
2006,柔
2007,値段
2008,量
2009,仕上がり
2010,春巻き
2011,揚げたて
2012,提供
2013,アツアツ
2014,皮
2015,━━《
2016,》━━
2017,ソロ
2018,ランチ
2019,平日
2020,:
2021,頃
2022,訪問
2023,待ち時間
2024,ゼロ
2025,名
2026,用
2027,テーブル
2028,席
2029,友人
2030,ヘルシー
2031,火
2032,鍋
2033,店
2034,火
2035,鍋
2036,火
2037,鍋
2038,コース
2039,予約
2040,外苑
2041,前
2042,駅
2043,赤坂
2044,方面
2045,店
2046,地下
2047,卓
2048,大
2049,人数
2050,利用
2051,私
2052,名
2053,名
2054,席
2055,利用
2056,放題
2057,コース
2058,生ビール
2059,チキン
2060,トマト
2061,サラダ
2062,角
2063,切り
2064,チキン
2065,トマト
2066,レタス
2067,イタリアン
2068,ドレッシング
2069,サッパリ
2070,エビ
2071,チリ
2072,卵
2073,海老
2074,エビ
2075,チリ
2076,風
2077,海老
2078,餃子
2079,四
2080,個
2081,大きめ
2082,餃子
2083,皮
2084,モチ
2085,モチ
2086,厚め
2087,具
2088,火
2089,鍋
2090,メイン
2091,火
2092,鍋
2093,ガスコンロ
2094,二
2095,色
2096,火
2097,鍋
2098,テーブル
2099,唐辛子
2100,ニンニク
2101,野菜
2102,白菜
2103,木耳
2104,豆腐
2105,春雨
2106,牡蠣
2107,海老
2108,イカ
2109,肉
2110,団子
2111,ラム
2112,肉
2113,調味
2114,料
2115,スープ
2116,赤
2117,ザ
2118,火
2119,鍋
2120,感じ
2121,味
2122,辛め
2123,白
2124,豚
2125,骨
2126,パイ
2127,タン
2128,透明
2129,漢方
2130,スープ
2131,赤
2132,火
2133,鍋
2134,濃厚
2135,スープ
2136,久しぶり
2137,魚介
2138,火
2139,鍋
2140,牡蠣
2141,海老
2142,プリプリ
2143,具
2144,締め
2145,麺
2146,スープ
2147,麺
2148,相性
2149,火
2150,鍋
2151,予想
2152,以上
2153,最後
2154,杏仁
2155,豆腐
2156,会計
2157,人
2158,二色
2159,火
2160,鍋
2161,放題
2162,単品
2163,具
2164,材
2165,追加
2166,外苑
2167,前
2168,表参道
2169,火
2170,鍋
2171,屋
2172,種類
2173,以上
2174,中華
2175,料理
2176,放題
2177,¥
2178,以内
2179,破格
2180,コース
2181,♡
2182,明治
2183,神宮
2184,駅
2185,徒歩
2186,分
2187,店
2188,日本人
2189,中国
2190,韓国
2191,店内
2192,今回
2193,¥
2194,放題
2195,コース
2196,ドリンク
2197,放題
2198,追加
2199,⁡
2200,料理
2201,オーダー
2202,形式
2203,メニュー
2204,種類
2205,以上
2206,注文
2207,各
2208,テーブル
2209,メモ用紙
2210,鉛筆
2211,メニュー
2212,番号
2213,記載
2214,店員
2215,以下
2216,今回
2217,私
2218,注文
2219,メニュー
2220,⁡
2221,北京
2222,ダック・
2223,海老
2224,ピリ
2225,辛
2226,本店
2227,特製
2228,鴨
2229,スープ
2230,蟹
2231,肉
2232,入り
2233,フカ
2234,ヒレ
2235,スープ
2236,海鮮
2237,サラダ
2238,蟹
2239,肉
2240,卵
2241,イカ
2242,大葉
2243,塩
2244,広
2245,東風
2246,黒
2247,チャーハン
2248,海老
2249,入り
2250,餃子
2251,小籠
2252,包
2253,団子
2254,マンゴー
2255,プリン
2256,⁡
2257,笑
2258,全て
2259,完
2260,食
2261,印象
2262,海老
2263,入り
2264,餃子
2265,プリプリモチモチ
2266,食
2267,感
2268,無限
2269,小籠
2270,包
2271,熱々
2272,火傷
2273,注意
2274,⁡
2275,来店
2276,北京
2277,ダック
2278,注文
2279,店
2280,名物
2281,人
2282,枚
2283,北京
2284,ダック
2285,私
2286,注文
2287,シェフ
2288,方
2289,テーブル
2290,前
2291,北京
2292,ダック
2293,カット
2294,豪快
2295,手際
2296,♡
2297,北京
2298,ダック
2299,皮
2300,味
2301,タイプ
2302,初
2303,挑戦
2304,身
2305,皮
2306,北京
2307,ダック
2308,タレ
2309,トロッ
2310,コク
2311,味噌
2312,ダレ
2313,自分
2314,ネギ
2315,一緒
2316,身
2317,北京
2318,ダック
2319,ボリューム
2320,⁡
2321,最後
2322,方
2323,注文
2324,海老
2325,ピリ
2326,辛
2327,個人
2328,的
2329,大
2330,ヒット
2331,スパイス
2332,中
2333,旨み
2334,無心
2335,海老
2336,イカ
2337,貝類
2338,魚介
2339,類
2340,大好き
2341,メイン
2342,料理
2343,注文
2344,大
2345,満足
2346,自分
2347,幸せ
2348,#
2349,北京
2350,ダック
2351,専門
2352,店
2353,北京
2354,カォヤーテン
2355,@
2356,原宿
2357,◾
2358,種類
2359,中華
2360,◾
2361,値段
2362,¥
2363,-¥
2364,◾
2365,定休
2366,日
2367,◾
2368,食
2369,゙
2370,ロク
2371,゙
2372,.
2373,⁡
2374,¥
2375,ワンタン
2376,麺
2377,+
2378,半
2379,炒飯
2380,表参道
2381,原宿
2382,東急
2383,プラザ
2384,交差点
2385,角
2386,ビル
2387,エレベーター
2388,店内
2389,北京
2390,ダック
2391,コーヒー
2392,北京
2393,ダック
2394,注文
2395,全部
2396,水
2397,セルフ
2398,先
2399,説明
2400,北京
2401,ダック
2402,注文
2403,秒
2404,皿
2405,スタンバイ
2406,済み
2407,肉
2408,切れ
2409,白
2410,ネギ
2411,カオヤーピン
2412,タレ
2413,完成
2414,生
2415,白
2416,ネギ
2417,苦手
2418,半分
2419,ワンタン
2420,麺
2421,半
2422,炒飯
2423,注文
2424,分
2425,作り
2426,本店
2427,炒飯
2428,味
2429,系
2430,箸
2431,水分
2432,感
2433,チャーハン
2434,口
2435,中
2436,好き
2437,ワンタン
2438,麺
2439,注文
2440,分
2441,怒涛
2442,笑
2443,スープ
2444,脂
2445,スープ
2446,味
2447,ラーメン
2448,胡椒
2449,ラー油
2450,醤油
2451,長方形
2452,ワンタン
2453,肉
2454,応え
2455,北京
2456,ダック
2457,ボリューム
2458,味
2459,自分
2460,ドンピシャ
2461,メニュー
2462,白
2463,セット
2464,刀
2465,麺
2466,気
2467,横浜
2468,中華
2469,街
2470,店内
2471,卓
2472,ファミレス
2473,様
2474,テーブル
2475,白
2476,木材
2477,基調
2478,店内
2479,本店
2480,外観
2481,豪華
2482,絢爛
2483,中
2484,赤
2485,目
2486,独特
2487,哀愁
2488,空気
2489,感
2490,原宿
2491,店
2492,清潔
2493,感
2494,衝撃
2495,瞬間
2496,キッチン
2497,内
2498,喫煙
2499,シェフ
2500,.
2501,.
2502,現金
2503,交通
2504,系
2505,電子
2506,マネー
2507,カード
2508,月
2509,平日
2510,木曜
2511,:
2512,-
2513,:
2514,北京
2515,烤鴨
2516,店
2517,利用
2518,新型
2519,コロナ
2520,ウイルス
2521,様々
2522,ニュース
2523,当店
2524,食材
2525,産地
2526,問合せ
2527,北京
2528,烤鴨
2529,店
2530,使用
2531,鴨
2532,カナダ
2533,輸入
2534,食材
2535,安全
2536,性
2537,優先
2538,厳選
2539,安心
2540,今後
2541,愛顧
2542,横浜
2543,中華
2544,街
2545,唯一
2546,北京
2547,ダック
2548,専用
2549,薪
2550,窯
2551,使用
2552,薪
2553,香り
2554,パリッパリ
2555,鴨
2556,皮
2557,直
2558,火
2559,ジューシー
2560,鴨
2561,肉
2562,堪能
2563,中国
2564,有名
2565,北京
2566,全
2567,聚徳
2568,修行
2569,一流
2570,職人
2571,北京
2572,ダック
2573,目
2574,前
2575,提供
2576,名
2577,様
2578,利用
2579,可能
2580,個室
2581,席
2582,卓
2583,テーブル
2584,デート
2585,家族
2586,友人
2587,食事
2588,席
2589,用意
2590,住所
2591,東京
2592,都
2593,渋谷
2594,区
2595,神宮前
2596,-
2597,-
2598,原宿
2599,八角
2600,館
2601,階
2602,到着
2603,日
2604,土
2605,耀日
2606,人数
2607,待ち時間
2608,分
2609,注文
2610,下記
2611,✪
2612,北京
2613,烤鸭
2614,北京
2615,ダック
2616,/
2617,広島
2618,出身
2619,人間
2620,広島
2621,風
2622,絶対
2623,料理
2624,東京
2625,広島
2626,風
2627,何
2628,軒
2629,日
2630,ネット
2631,ニュース
2632,オープン
2633,原宿
2634,時半
2635,席
2636,満席
2637,駅
2638,予約
2639,ビール
2640,鉄板
2641,料理
2642,単価
2643,量
2644,種類
2645,ネギ
2646,イカ
2647,天
2648,スペシャル
2649,オーダー
2650,イカ
2651,天
2652,味
2653,量
2654,気
2655,広島
2656,風
2657,店
2658,広島
2659,方
2660,ケース
2661,カープ
2662,話題
2663,コミュニケーション
2664,結局
2665,味
2666,目的
2667,長居
2668,人
2669,程度
2670,利用
2671,頻度
2672,神宮前
2673,隣
2674,広島
2675,店
2676,ドア
2677,中
2678,感じ
2679,カウンター
2680,テーブル
2681,席
2682,幾つ
2683,残念
2684,カウンター
2685,テーブル
2686,席
2687,オーソドックス
2688,肉
2689,玉
2690,注文
2691,確率
2692,店主
2693,広島
2694,人
2695,店内
2696,カープ
2697,坊や
2698,時計
2699,模型
2700,散見
2701,目
2702,前
2703,醍醐味
2704,残念
2705,音
2706,待ち時間
2707,～
2708,分
2709,実
2710,食
2711,㎝
2712,柱
2713,等分
2714,ヘラ
2715,根幹
2716,粉
2717,主張
2718,ソース
2719,店内
2720,雰囲気
2721,毛利
2722,醸造
2723,製
2724,普通
2725,オタフク
2726,使用
2727,個人
2728,的
2729,マスト
2730,広島
2731,空輸
2732,想像
2733,気
2734,所以
2735,何
2736,結果
2737,以下
2738,通り
2739,焼き立て
2740,熱々
2741,気
2742,基本
2743,的
2744,空気
2745,面積
2746,意図
2747,キャベツ
2748,火
2749,イメージ
2750,全体
2751,要因
2752,鉄板
2753,上
2754,実質
2755,的
2756,玉子
2757,焼き
2758,上
2759,蓋
2760,機能
2761,熱
2762,キャベツ
2763,&
2764,焼きそば
2765,等
2766,枚
2767,クレープ
2768,状
2769,イメージ
2770,熱
2771,仕上げ
2772,卵黄
2773,半熟
2774,状態
2775,熱々
2776,食
2777,感
2778,薬味
2779,細目
2780,九
2781,条
2782,大葉
2783,トッピング
2784,店内
2785,雰囲気
2786,接客
2787,面
2788,不満
2789,全て
2790,形
2791,再訪
2792,十
2793,分
2794,鉄板
2795,焼き
2796,テンション
2797,友人
2798,ススメ
2799,店
2800,原宿
2801,確か
2802,初
2803,体験
2804,地図
2805,頼り
2806,提灯
2807,心
2808,テーブル
2809,席
2810,大
2811,鉄板
2812,前
2813,カウンター
2814,席
2815,着席
2816,コテ
2817,ショー
2818,期待
2819,焼き
2820,明太
2821,チーズ
2822,オムレツ
2823,ホルモン
2824,焼き
2825,期待
2826,通り
2827,目
2828,前
2829,スタッフ
2830,方
2831,各種
2832,素材
2833,鉄板
2834,上
2835,手際
2836,ヒラリヒラリ
2837,軽やか
2838,コテ
2839,手際
2840,料理
2841,メイン
2842,前
2843,明太
2844,チーズ
2845,オムレツ
2846,ホルモン
2847,焼き
2848,最終
2849,的
2850,皿
2851,カウンター
2852,前
2853,大
2854,鉄板
2855,端
2856,提供
2857,重厚
2858,皿
2859,鉄板
2860,適度
2861,熱
2862,具合
2863,進行
2864,立て
2865,アッツ
2866,アツ
2867,状態
2868,～、
2869,大
2870,鉄板
2871,料理
2872,ホルモン
2873,焼き
2874,辛め
2875,ホルモン
2876,大ぶり
2877,弾力
2878,性
2879,豊か
2880,応え
2881,咀嚼
2882,塩梅
2883,ゴックン
2884,繰り返し
2885,クセ
2886,明太
2887,チーズ
2888,オムレツ
2889,明太子
2890,味
2891,卵
2892,中
2893,チーズ
2894,芯
2895,存在
2896,感
2897,全体
2898,歯ごたえ
2899,明太子
2900,チーズ
2901,卵
2902,期待
2903,通り
2904,味
2905,箸
2906,メイン
2907,焼き
2908,後
2909,山盛り
2910,ネギ
2911,迫力
2912,調理
2913,開始
2914,時
2915,鉄板
2916,野菜
2917,スタッフ
2918,コテ
2919,濃縮
2920,最後
2921,麺
2922,濃厚
2923,ソース
2924,～
2925,バッサバッサ
2926,角
2927,新鮮
2928,青ネギ
2929,一
2930,二
2931,上
2932,全体
2933,形状
2934,ピラミッド
2935,型
2936,～
2937,声
2938,目
2939,前
2940,時点
2941,ビジュアル
2942,的
2943,味
2944,方
2945,イカ
2946,独特
2947,歯ごたえ
2948,風味
2949,根底
2950,好み
2951,焼
2952,豚肉
2953,素直
2954,感じ
2955,癖
2956,濃厚
2957,ソース
2958,ジャンル
2959,軽
2960,ソース
2961,素材
2962,風味
2963,粉
2964,ソース
2965,青ネギ
2966,刺激
2967,口中
2968,モタ
2969,感じ
2970,素材
2971,ハーモニー
2972,堪能
2973,完
2974,食
2975,最近
2976,調理
2977,オープン
2978,キッチン
2979,料理
2980,ジャンル
2981,主流
2982,日本
2983,元祖
2984,味わい
2985,楽しみ
2986,表参道
2987,駅
2988,徒歩
2989,分
2990,駅
2991,近
2992,店
2993,料理
2994,表参道
2995,駅
2996,リーズナブル
2997,好
2998,立地
2999,値段
3000,驚き
3001,真鯛
3002,カルパッチョフォアグラ
3003,味噌
3004,エビ
3005,アボカド
3006,タルタルジェノベーゼナムル
3007,牛
3008,ホホ
3009,ロースト
3010,桜
3011,レアチーズケーキイチゴ
3012,ミルフィーユ
3013,完成
3014,度
3015,牛
3016,ホホ
3017,ロースト
3018,ボリューム
3019,見た目
3020,感動
3021,ワイン
3022,残念
3023,オーダー
3024,隣
3025,方
3026,ビックリ
3027,オシャレ
3028,立地
3029,料理
3030,ドリンク
3031,豊富
3032,値段
3033,圧倒
3034,リーズナブル
3035,店
3036,使い勝手
3037,回
3038,目
3039,訪問
3040,前回
3041,踏襲
3042,パテ
3043,鮮魚
3044,カルパッチョ
3045,ハマグリ
3046,竹の子
3047,アーリオオーリオ
3048,後
3049,時
3050,写真
3051,泣牛
3052,盛り
3053,ハラ
3054,ミ
3055,サーロイン
3056,タン
3057,種類
3058,グリル
3059,中
3060,タン
3061,ジューシー
3062,肉
3063,旨み
3064,十分
3065,堪能
3066,今回
3067,番
3068,盛り
3069,付け
3070,綺麗
3071,今回
3072,/
3073,/
3074,更新
3075,人
3076,邪魔
3077,メニュー
3078,ハズレ
3079,全部
3080,ワイン
3081,手軽
3082,価格
3083,鶏
3084,レバー
3085,ムース
3086,エビ
3087,アボカド
3088,ムース
3089,鮮魚
3090,カルパッチョ・フォアグラ
3091,オムレツ
3092,ハラ
3093,ミ
3094,グリル
3095,ステーキ
3096,ガーリック
3097,炒飯
3098,栗
3099,チーズ
3100,ケーキ
3101,鶏
3102,ムース
3103,タルタル
3104,自分
3105,好み
3106,ドンピシャ
3107,期待
3108,味
3109,カルパッチョ
3110,好き
3111,メニュー
3112,メニュー
3113,味噌
3114,風味
3115,⁈
3116,期待
3117,外れ
3118,注文
3119,‼
3120,味噌
3121,‼
3122,テイスト
3123,ガーリック
3124,炒飯
3125,店
3126,勧め
3127,オムレツ
3128,幸せ
3129,チャーハン
3130,罪悪
3131,感
3132,次
3133,訪問
3134,私
3135,他
3136,気
3137,メニュー
3138,邪魔
3139,久しぶり
3140,外
3141,表参道
3142,場所
3143,華やか
3144,久しぶり
3145,予約
3146,得
3147,コース
3148,次回
3149,利用
3150,今回
3151,アラカルト
3152,気
3153,アンチョビキャベツ
3154,アヒージョ
3155,ステーキ
3156,ワイン
3157,ハラ
3158,ミ
3159,グリル
3160,ステーキ
3161,外
3162,時間
3163,店
3164,エビスビール
3165,居酒屋
3166,雅
3167,屋
3168,初
3169,訪店
3170,エビス
3171,料理
3172,実力
3173,派
3174,店
3175,店内
3176,作り
3177,ボックス
3178,席
3179,印象
3180,的
3181,メニュー
3182,鍋
3183,馬刺し
3184,九州
3185,料理
3186,中心
3187,割り
3188,リーズナブル
3189,価格
3190,設定
3191,一同
3192,感嘆
3193,声
3194,事
3195,エビス
3196,乾杯
3197,名物
3198,桶
3199,盛り
3200,鯛
3201,鯖
3202,鮪
3203,勘八
3204,サーモン
3205,エビ
3206,タコ
3207,山盛り
3208,鮮度
3209,鯖
3210,生
3211,値段
3212,以上
3213,国産
3214,牛
3215,焼き塩
3216,味
3217,脂
3218,♪
3219,ダチョウ
3220,刺し
3221,盛り合わせ
3222,モモ
3223,肉
3224,レバー
3225,刺し
3226,レバー
3227,クセ
3228,ダチョウ
3229,鳥
3230,刺身
3231,サラッ
3232,雅
3233,屋
3234,名物
3235,鶏
3236,半身
3237,揚げ
3238,立派
3239,サイズ
3240,ピース
3241,ボリューム
3242,表面
3243,肉
3244,ジュー
3245,シ
3246,♪
3247,馬刺し
3248,盛り合わせ
3249,ロース
3250,霜降り
3251,タテガミ
3252,生
3253,馬肉
3254,タテガミ
3255,甘み
3256,悶絶
3257,♪
3258,豚
3259,角
3260,パイ
3261,包み
3262,東京
3263,ウォーカー
3264,表紙
3265,一品
3266,パイ
3267,包み
3268,豚
3269,角
3270,他
3271,店
3272,メニュー
3273,原宿
3274,店
3275,豚
3276,角
3277,勝負
3278,メイン
3279,パクチーモツ
3280,鍋
3281,パクチー
3282,鍋
3283,スープ
3284,ガチンコ
3285,トムヤムスープ
3286,生
3287,レモン
3288,グラス
3289,唐辛子
3290,下手
3291,タイ
3292,料理
3293,屋
3294,格段
3295,ヤバイ
3296,料理
3297,長
3298,モツ
3299,鍋
3300,トムヤム
3301,味
3302,最高
3303,雅
3304,屋
3305,マスト
3306,メニュー
3307,認定
3308,最後
3309,デザート
3310,白玉
3311,蕎麦
3312,クレープ
3313,粉
3314,クレープ
3315,生地
3316,自家製
3317,前日
3318,日
3319,ペロッ
3320,^^;
3321,酒
3322,様々
3323,提供
3324,日本
3325,酒
3326,品
3327,十
3328,四
3329,代
3330,純
3331,吟
3332,他
3333,銘酒
3334,揃い
3335,猪口
3336,並々
3337,～。
3338,白州
3339,山崎
3340,ハイボール
3341,酒
3342,リーズナブル
3343,価格
3344,設定
3345,個人
3346,店
3347,一
3348,皿
3349,一
3350,皿
3351,手
3352,提供
3353,料理
3354,クオリティ
3355,感激
3356,連続
3357,リーズナブル
3358,価格
3359,以上
3360,料理
3361,質
3362,勝負
3363,実力
3364,派
3365,店
3366,界隈
3367,イチ
3368,オシ
3369,店
3370,♪
3371,仕事
3372,帰り
3373,会社
3374,人
3375,訪問
3376,明治
3377,神宮前
3378,雅
3379,屋
3380,平日
3381,店内
3382,満席
3383,店
3384,地下
3385,店
3386,中
3387,意外
3388,席
3389,原宿
3390,近辺
3391,大型
3392,居酒屋
3393,店内
3394,メニュー
3395,賑やか
3396,雰囲気
3397,レモンサワー
3398,乾杯
3399,オーダー
3400,チョレギサラダ
3401,燻製
3402,玉子
3403,ポテト
3404,サラダ
3405,入り
3406,出し汁
3407,巻き
3408,玉子
3409,帆
3410,立
3411,チーズ
3412,春
3413,巻
3414,焼き
3415,チョレギサラダ
3416,ビッグ
3417,サイズ
3418,野菜
3419,玉子
3420,ポテト
3421,サラダ
3422,味
3423,～
3424,焼き
3425,シンプル
3426,焼き
3427,好き
3428,小籠
3429,包
3430,鯵
3431,フライ
3432,品切れ
3433,残念
3434,店内
3435,雰囲気
3436,オーダー
3437,ペース
3438,酒
3439,メニュー
3440,日本
3441,酒
3442,品
3443,日
3444,大好き
3445,而今
3446,クリア
3447,フルーティ
3448,口
3449,爽やか
3450,絶妙
3451,日本
3452,酒
3453,好き
3454,♡☆
3455,来店
3456,際
3457,ワンポイント
3458,生ビール
3459,焼き鳥
3460,台
3461,一番
3462,私
3463,ビール
3464,派
3465,日本
3466,酒
3467,堪能
3468,ビール
3469,ビール
3470,派
3471,明治
3472,神宮
3473,参拝
3474,後
3475,懐
3476,店
3477,雅
3478,屋
3479,原宿
3480,店
3481,-
3482,-
3483,東京
3484,都
3485,渋谷
3486,区
3487,神宮前
3488,-
3489,-
3490,ホノラリー
3491,原宿
3492,ビル
3493,原宿
3494,明治
3495,神宮前
3496,系
3497,店
3498,エリア
3499,日常
3500,居酒屋
3501,雅
3502,屋
3503,原宿
3504,店
3505,酒
3506,種類
3507,スタッフ
3508,元気
3509,♪
3510,気
3511,仲間
3512,最高
3513,居心地
3514,店
3515,駅
3516,分
3517,程度
3518,距離
3519,雅
3520,屋
3521,原宿
3522,店
3523,竹下
3524,口
3525,原宿
3526,通り
3527,通称
3528,通り
3529,地下
3530,ビール
3531,激
3532,安
3533,最強
3534,レモンサワー
3535,物
3536,アルコール
3537,類
3538,ラインナップ
3539,中
3540,私
3541,チョイス
3542,小笠原
3543,島
3544,レモン
3545,地域
3546,限定
3547,チューハイ
3548,当地
3549,素材
3550,使用
3551,寶
3552,ＣＲＡＦＴ
3553,シリーズ
3554,中
3555,小笠原
3556,島
3557,レモン
3558,小笠原諸島
3559,母島
3560,産
3561,希少
3562,グリーン
3563,レモン
3564,ストレート
3565,混濁
3566,果汁
3567,使用
3568,チューハイ
3569,爽やか
3570,ピール
3571,感
3572,深み
3573,味わい
3574,チーズ
3575,醤油
3576,漬け
3577,酒
3578,アテ
3579,品
3580,トマト
3581,サラダ
3582,トマト
3583,一
3584,個
3585,トマト
3586,サラダ
3587,刻み
3588,玉ねぎ
3589,和風
3590,ドレッシング
3591,夏
3592,食欲
3593,メニュー
3594,量
3595,メニュー
3596,冊子
3597,手書き
3598,シーズン
3599,メニュー
3600,中
3601,気
3602,茄子
3603,生姜
3604,焼き
3605,豚肉
3606,以外
3607,生姜
3608,焼き
3609,コレ
3610,味付け
3611,ソース
3612,マヨネーズ
3613,鉄板
3614,コンビ
3615,大ぶり
3616,夏
3617,野菜
3618,茄子
3619,相性
3620,肉
3621,方
3622,私
3623,好き
3624,辺り
3625,日本
3626,酒
3627,チェンジ
3628,吟醸
3629,原酒
3630,割り
3631,秋田
3632,日の丸
3633,酒造
3634,花
3635,夏季
3636,限定
3637,酒
3638,旨
3639,辛口
3640,普段
3641,アルコール
3642,度
3643,％
3644,原酒
3645,氷
3646,鶏
3647,バーガー
3648,パンズ
3649,サンド
3650,肉
3651,厚
3652,物
3653,興味
3654,本位
3655,一品
3656,組み合わせ
3657,ノック
3658,ダウン
3659,焼き
3660,小籠
3661,包
3662,大好き
3663,小籠
3664,包
3665,鉄板
3666,目
3667,タイプ
3668,大事
3669,肉汁
3670,全部
3671,スキレット
3672,注意
3673,マサチキボーン
3674,最適
3675,手羽
3676,チキン
3677,味付け
3678,酒
3679,デザート
3680,シンプル
3681,バニラ
3682,アイス
3683,テーブル
3684,シート
3685,ラフ
3686,居酒屋
3687,テイスト
3688,満載
3689,雅
3690,屋
3691,原宿
3692,店
3693,新橋
3694,辺り
3695,普通
3696,タイプ
3697,店
3698,原宿
3699,周辺
3700,気楽
3701,店
3702,カフェ
3703,リラックス
3704,居酒屋
3705,表参道
3706,内容
3707,価格
3708,アリ
3709,接客
3710,海鮮
3711,店
3712,特性
3713,茶
3714,ハイ
3715,ー
3716,放題
3717,酒
3718,米
3719,味
3720,確か
3721,夜
3722,表参道
3723,駅
3724,魚
3725,居酒屋
3726,刺身
3727,盛合せ
3728,魚
3729,色々
3730,種類
3731,コース
3732,コロナ
3733,時期
3734,一
3735,人
3736,一
3737,人
3738,小分け
3739,提供
3740,気遣い
3741,店
3742,放題
3743,日本
3744,酒
3745,種類
3746,豊富
3747,日本
3748,酒
3749,好き
3750,店
3751,先日
3752,土用
3753,丑の日
3754,ランチ
3755,青山
3756,酒場
3757,日
3758,先客
3759,先客
3760,人組
3761,私
3762,一
3763,人
3764,様
3765,鮪
3766,漬け
3767,丼
3768,漬け
3769,ダレ
3770,醤油
3771,胡麻
3772,醤油
3773,少なめ
3774,今度
3775,海鮮
3776,丼
3777,以下
3778,店
3779,月
3780,初旬
3781,時点
3782,話
3783,店
3784,ログ
3785,ログ
3786,メニュー
3787,ランチ
3788,ランチ
3789,営業
3790,ランチ
3791,再開
3792,時
3793,ログ
3794,更新
3795,推察
3796,新規
3797,開拓
3798,表参道
3799,ランチ
3800,青山
3801,酒場
3802,前
3803,店
3804,気
3805,訪問
3806,月
3807,土用
3808,丑の日
3809,鰻
3810,気
3811,青山
3812,通り
3813,沿い
3814,ローソン
3815,左
3816,脇
3817,道
3818,左側
3819,地下
3820,店
3821,鰻
3822,丼
3823,鰻
3824,仕方
3825,一番乗り
3826,好き
3827,席
3828,席
3829,湯呑み
3830,替り
3831,セルフ
3832,テーブル
3833,ポット
3834,テレビ
3835,普段
3836,イメージ
3837,オリンピック
3838,期間
3839,☺
3840,鰻
3841,予想
3842,少なめ
3843,柔らか
3844,鰻
3845,日
3846,組
3847,店
3848,ランチ
3849,支払い
3850,可能
3851,現金
3852,神宮
3853,ナイター
3854,観戦
3855,後
3856,訪問
3857,店内
3858,広め
3859,感じ
3860,奥
3861,テーブル
3862,席
3863,タッチパネル
3864,ファースト
3865,ドリンク
3866,球場
3867,ビール
3868,最初
3869,ハイボール
3870,オーダー
3871,軽
3872,エイ
3873,ヒレ
3874,トロ
3875,縞
3876,腹
3877,品
3878,鉄板
3879,ボロネーゼ
3880,チョイス
3881,ヒレ
3882,普通
3883,大きめ
3884,脂
3885,乗り
3886,酒
3887,肴
3888,以外
3889,パスタ
3890,ボロネーゼ
3891,麺
3892,以外
3893,ランチ
3894,メニュー
3895,位
3896,終電
3897,近く
3898,会計
3899,時間
3900,弱
3901,滞在
3902,人
3903,千
3904,位
3905,帰路
3906,ワタ
3907,ミ
3908,新
3909,ブランド
3910,数
3911,年
3912,店舗
3913,数
3914,ミライザカ
3915,店
3916,綺麗
3917,禁煙
3918,席
3919,注文
3920,スタイル
3921,タッチパネル
3922,最近
3923,店
3924,感じ
3925,テレビ
3926,店舗
3927,共通
3928,大手
3929,チェーン
3930,居酒屋
3931,品
3932,味
3933,安心
3934,裏
3935,酒
3936,単価
3937,一
3938,人
3939,当たり
3940,ミライザカ
3941,青山
3942,外苑
3943,前
3944,店
3945,早慶
3946,戦
3947,後
3948,毎回
3949,神
3950,居酒屋
3951,飯
3952,チキン
3953,最高
3954,クラス
3955,締め
3956,ラーメン
3957,ラーメン
3958,屋
3959,スポーツ
3960,イベント
3961,毎回
3962,満席
3963,人気
3964,店
3965,カフェ
3966,大衆
3967,居酒屋
3968,暖簾
3969,不思議
3970,店
3971,～。
3972,居酒屋
3973,店内
3974,ー
3975,アンティーク
3976,感
3977,木
3978,テーブル
3979,木々
3980,ドライ
3981,フラワー
3982,天窓
3983,感じ
3984,喉
3985,渇き
3986,番
3987,目的
3988,ビール
3989,生ビール
3990,エール
3991,♬
3992,～。
3993,茄子
3994,揚げ
3995,菊
3996,メニュー
3997,大衆
3998,居酒屋
3999,価格
4000,オーダー
4001,*
4002,豆
4003,パクチー
4004,サラダ
4005,サラダ
4006,ナムル
4007,感じ
4008,豆
4009,食
4010,感
4011,一
4012,皿
4013,ボリューム
4014,◎*
4015,漬け
4016,鴨
4017,刺身
4018,鴨
4019,漬け
4020,想像
4021,ーー
4022,癖
4023,臭み
4024,ー
4025,♡*
4026,名物
4027,唐
4028,揚げ
4029,～
4030,ネギ
4031,塩
4032,店
4033,ハイカラ
4034,ハッピーアワー
4035,ハイカラ
4036,セット
4037,丁寧
4038,湯
4039,トマト
4040,出汁
4041,絶妙
4042,～
4043,毎日
4044,アール
4045,グレイ
4046,漬け
4047,ハイボール
4048,アール
4049,グレイ
4050,風味
4051,ハイボール
4052,ビール
4053,党
4054,私
4055,ハイボール
4056,豊富
4057,上
4058,ー
4059,平日
4060,店内
4061,満席
4062,得
4063,コース
4064,人気
4065,ー
4066,居酒屋
4067,価格
4068,居酒屋
4069,メニュー
4070,洋
4071,メニュー
4072,クオリティ
4073,邪魔
4074,ー
4075,☺
4076,主人
4077,一緒
4078,買い物
4079,帰り
4080,隠れ家
4081,的
4082,存在
4083,&
4084,居酒屋
4085,チョウチン
4086,原宿
4087,表参道
4088,店
4089,何
4090,中
4091,イチオシメニュー
4092,紹介
4093,表参道
4094,原宿
4095,駅
4096,大通り
4097,一
4098,本
4099,オシャレ
4100,居酒屋
4101,オシャレ
4102,気軽
4103,リーズナブル
4104,モットー
4105,店
4106,トマト
4107,トマト
4108,大好き
4109,私
4110,オーダー
4111,♡
4112,見た目
4113,綺麗
4114,トマト
4115,登場
4116,イタリアン
4117,出汁
4118,トマト
4119,冷
4120,製
4121,夏
4122,ピッタリサッパリ
4123,味わい
4124,無限
4125,枝豆
4126,枝豆
4127,ボイル
4128,ニンニク
4129,オイル
4130,塩
4131,ホント
4132,病み付き
4133,♡
4134,無限
4135,ネーミング
4136,ビール
4137,ハイボール
4138,～
4139,代わり
4140,野菜
4141,プレミアム
4142,前菜
4143,種
4144,盛り
4145,注文
4146,率
4147,%
4148,店
4149,方
4150,気
4151,オーダー
4152,パンプキンサラダ・シュールージュ・キャロットラペ・
4153,海鮮
4154,マリネ・オクラ
4155,明太子
4156,ゴボウ
4157,サラダ
4158,ムール貝
4159,オイル
4160,ナス
4161,煮付け
4162,菜
4163,キノコ
4164,マリネ
4165,今
4166,旬
4167,野菜
4168,魚介
4169,類
4170,調理
4171,全て
4172,冷
4173,製
4174,仕立て
4175,素材
4176,旨味
4177,逸品
4178,♡
4179,野菜
4180,女子
4181,ポイント
4182,名物
4183,唐
4184,揚げ
4185,メニュー
4186,気
4187,オーダー
4188,醤油
4189,ポン酢
4190,ネギ
4191,塩
4192,チョイス
4193,プレーン
4194,一番
4195,今回
4196,ポン酢
4197,クリスピー
4198,唐
4199,今
4200,プレーン
4201,ジュワー
4202,口
4203,中
4204,タイプ
4205,唐
4206,揚
4207,ポン酢
4208,ディップ
4209,マイルド
4210,事
4211,他
4212,テーブル
4213,女子
4214,揚げ
4215,好き
4216,♡
4217,店
4218,看板
4219,:
4220,:
4221,ハイカラ
4222,セット
4223,～
4224,得
4225,感
4226,プリン
4227,本場
4228,フランス
4229,焼き
4230,キッシュキッシュ
4231,店
4232,オーダー
4233,方
4234,店
4235,キッシュ
4236,トロッ
4237,素材
4238,食
4239,感
4240,豚肉
4241,角
4242,切り
4243,ブロッコリー
4244,存在
4245,感
4246,絶品
4247,ペロリ
4248,素敵
4249,店
4250,店内
4251,オシャレ
4252,感じ
4253,女子
4254,会
4255,カップル
4256,合コン
4257,リーズナブル
4258,最高
4259,表参道
4260,明治
4261,神宮前
4262,駅
4263,原宿
4264,駅
4265,近く
4266,鶏
4267,唐
4268,揚げ
4269,ハイボール
4270,名物
4271,カフェ
4272,居酒屋
4273,気軽
4274,リーズナブル・オシャレ
4275,三
4276,本
4277,柱
4278,コンセプト
4279,店
4280,チョウ
4281,チン
4282,家内
4283,原宿
4284,買い物
4285,帰り
4286,大変
4287,素敵
4288,オーダー
4289,メニュー
4290,中
4291,印象
4292,的
4293,紹介
4294,ウフマヨ
4295,半熟
4296,玉子
4297,状態
4298,皿
4299,皿
4300,店
4301,特製
4302,マヨネーズ
4303,マヨネーズ
4304,酸味
4305,クリーミー
4306,♪
4307,今
4308,手製
4309,感
4310,店
4311,クオリティ
4312,過度
4313,期待
4314,冷奴
4315,ピリ
4316,辛
4317,ザーサイ
4318,組み合わせ
4319,斬新
4320,冷奴
4321,日本
4322,非
4323,♪
4324,ザーサイ
4325,クセ
4326,塩味
4327,味わい
4328,淡白
4329,豆腐
4330,豆腐
4331,変幻
4332,自在
4333,病み付き
4334,♪
4335,自分
4336,家
4337,再現
4338,名物
4339,唐
4340,醤油
4341,ポン酢
4342,ネギ
4343,塩
4344,ディップ
4345,タイプ
4346,今回
4347,ポン酢
4348,♪
4349,何
4350,外見
4351,衣
4352,部分
4353,感じ
4354,食
4355,感
4356,特徴
4357,的
4358,肉
4359,部分
4360,到達
4361,プリップリジューシー
4362,鶏肉
4363,魅了
4364,居酒屋
4365,専門
4366,店
4367,味わい
4368,驚き
4369,店
4370,方
4371,曰く
4372,:
4373,:
4374,ハイカラ
4375,セット
4376,事
4377,焼
4378,想像
4379,味
4380,焼きうどん
4381,別物
4382,海鮮
4383,系
4384,旨味
4385,豊富
4386,塩味
4387,風
4388,焼きそば
4389,味わい
4390,野菜
4391,火
4392,方
4393,絶妙
4394,店
4395,シェフ
4396,只者
4397,店内
4398,女子
4399,%
4400,近く
4401,女子
4402,仲間
4403,仲良し
4404,仲間
4405,カップル
4406,原宿
4407,若者
4408,街
4409,クオリティー
4410,居酒屋
4411,再訪
4412,週末
4413,家族
4414,晩
4415,御飯
4416,電話
4417,名
4418,席
4419,事
4420,満席
4421,ラッキー
4422,名物
4423,クロクロセット
4424,始まり
4425,レバー
4426,パテ
4427,黒
4428,手羽
4429,先
4430,鳥
4431,タタキ
4432,ネギ
4433,最高
4434,レバー
4435,パテ
4436,一品
4437,今回
4438,締め
4439,餃子
4440,ラーメン
4441,人
4442,玉
4443,酒
4444,鹿児島
4445,芋
4446,焼酎
4447,杯
4448,大
4449,満足
4450,野球
4451,観戦
4452,後
4453,訪問
4454,四
4455,人
4456,テーブル
4457,人
4458,使用
4459,椅子
4460,近く
4461,テーブル
4462,サービス
4463,雰囲気
4464,話し声
4465,看板
4466,鳥
4467,料理
4468,料理
4469,食べ物
4470,野菜
4471,塚田
4472,農場
4473,野菜
4474,好き
4475,味噌
4476,後輩
4477,結婚式
4478,次
4479,会
4480,サークル
4481,メンバー
4482,次
4483,会
4484,表参道
4485,場所
4486,塚田
4487,農場
4488,土曜
4489,気軽
4490,居酒屋
4491,結構
4492,盛況
4493,極み
4494,レモンサワー
4495,最近
4496,レモン
4497,サワー
4498,本家
4499,本元
4500,ホント
4501,後輩
4502,同士
4503,結婚式
4504,名
4505,以上
4506,次
4507,会
4508,中
4509,上
4510,番目
4511,アラサー
4512,原宿
4513,駅
4514,地下
4515,沖縄
4516,料理
4517,屋
4518,コロナ
4519,対策
4520,席
4521,営業
4522,時間
4523,時半
4524,テイクアウトメニュー
4525,カウンター
4526,テーブル
4527,席
4528,サイコロ
4529,チンチロリンハイボール
4530,ゾロ
4531,目
4532,無料
4533,偶数
4534,奇数
4535,メガ
4536,ポーク
4537,卵
4538,沖縄
4539,ポーク
4540,卵
4541,感じ
4542,東京
4543,方
4544,サラダ
4545,ヘルシー
4546,島
4547,豆腐
4548,冷奴
4549,島
4550,豆腐
4551,硬め
4552,食
4553,感
4554,好き
4555,ミミガーコリコリ
4556,味付け
4557,ポン酢
4558,チャンプル
4559,卵
4560,ポーク
4561,ボリューム
4562,野菜
4563,味
4564,ソーキソバ
4565,厚
4566,切り
4567,大きめ
4568,角
4569,骨
4570,柔ら
4571,ソーキソバ
4572,久しぶり
4573,コーレグース
4574,店
4575,原宿
4576,店
4577,他
4578,渋谷
4579,店
4580,三軒茶屋
4581,店
4582,沖縄
4583,料理
4584,野菜
4585,原宿
4586,駅前
4587,沖縄
4588,料理
4589,屋
4590,階段
4591,～
4592,食堂
4593,以前
4594,存在
4595,把握
4596,同僚
4597,仕事
4598,生ビール
4599,乾杯
4600,チンチロリンゲーム
4601,開始
4602,目
4603,ドリンク
4604,無料
4605,一
4606,発
4607,目
4608,目
4609,次
4610,次
4611,チャレンジ
4612,目
4613,料理
4614,ラフテー
4615,ゴーヤチャンプル
4616,メヒカリ
4617,海
4618,ブドウ
4619,ラフテー
4620,キャベツ
4621,鯵
4622,南蛮
4623,漬け
4624,酒
4625,沖縄
4626,料理
4627,タイミング
4628,～。
4629,再訪
4630,レポ
4631,明治
4632,神宮前
4633,本気
4634,固定
4635,店
4636,回遊
4637,難儀
4638,地域
4639,刺身
4640,原宿
4641,無理
4642,中
4643,沖縄
4644,料理
4645,メイン
4646,刺し
4647,盛り
4648,アリ
4649,貴重
4650,店
4651,豆腐
4652,グルテン
4653,ワタ
4654,ガラス
4655,酒好き
4656,残
4657,波
4658,白
4659,黒
4660,也
4661,ランチ
4662,夜
4663,本気
4664,泡盛
4665,時
4666,貴重
4667,料理
4668,マンボウ
4669,中
4670,平日
4671,夜
4672,飲食
4673,店
4674,アルコール
4675,時
4676,即
4677,即
4678,近
4679,場
4680,時
4681,分
4682,名
4683,竹下
4684,通り
4685,ビル
4686,地下
4687,階
4688,急
4689,階段
4690,店内
4691,前
4692,客
4693,名
4694,一番
4695,奥
4696,テーブル
4697,席
4698,着席
4699,各
4700,席
4701,背もたれ
4702,頭
4703,密
4704,大きめ
4705,音
4706,古
4707,夏川
4708,平井
4709,堅
4710,平井
4711,堅
4712,古
4713,時計
4714,大
4715,音量
4716,原
4717,曲
4718,朝
4719,置き時計
4720,年
4721,日本語
4722,歌
4723,年
4724,長寿
4725,国
4726,歌
4727,大
4728,英
4729,帝国
4730,ジョージ
4731,ホテル
4732,置時計
4733,経営
4734,者
4735,ジェンキンス
4736,兄弟
4737,実話
4738,(
4739,感動
4740,実話
4741,テレビ
4742,ジョン
4743,機
4744,時
4745,巨人
4746,対
4747,阪神
4748,伝統
4749,一
4750,戦
4751,生ビール
4752,外
4753,瓶ビール
4754,外
4755,瓶
4756,小瓶
4757,中
4758,瓶
4759,生
4760,スリム
4761,ジョッキ
4762,泡
4763,苦手
4764,瓶ビール
4765,本
4766,本来
4767,黒
4768,ラベルベジ
4769,ジャガパリサラダ
4770,外
4771,量
4772,串
4773,ネギマ
4774,外
4775,値段
4776,モモ
4777,外
4778,外
4779,軟骨
4780,入り
4781,明太
4782,マヨ
4783,外
4784,明太
4785,マヨ
4786,ホッピー
4787,白黒
4788,外
4789,ナカ
4790,量
4791,写真
4792,通り
4793,味
4794,ポンコツ
4795,焼酎
4796,味
4797,ジョッキ
4798,氷
4799,氷
4800,数
4801,十
4802,増し
4803,ナカ
4804,キンミヤ
4805,ナカ
4806,外
4807,塩辛
4808,マヨ
4809,焼き
4810,外
4811,正解
4812,味
4813,スパカツチーズ
4814,釧路
4815,名物
4816,スパカツ
4817,スパゲチー
4818,簡単
4819,柔
4820,ミート
4821,ソース
4822,トマト
4823,ソース
4824,味
4825,上
4826,チキン
4827,カツ
4828,マイナス
4829,全部
4830,大量
4831,チーズ
4832,結果
4833,チーズ
4834,釧路
4835,スパカツ
4836,一緒
4837,マンボウ
4838,中
4839,撤収
4840,地下
4841,階段
4842,車いす
4843,不可
4844,カウンター
4845,席
4846,間隔
4847,可動
4848,椅子
4849,左利き
4850,可
4851,時間
4852,子供
4853,可
4854,イキフン
4855,古
4856,時計
4857,原宿
4858,竹下
4859,通り
4860,沿い
4861,食堂
4862,ニ
4863,号
4864,店
4865,一
4866,杯
4867,以前
4868,邪魔
4869,原宿
4870,教会
4871,通り
4872,食堂
4873,二
4874,号
4875,店
4876,食堂
4877,昨年
4878,訪問
4879,好
4880,印象
4881,号
4882,店
4883,年
4884,年末
4885,オープン
4886,オープン
4887,記念
4888,生ビール
4889,アルコール
4890,料理
4891,半額
4892,中
4893,オフィス
4894,時間
4895,食事
4896,居酒屋
4897,利用
4898,便利
4899,店
4900,原宿
4901,大衆
4902,的
4903,価格
4904,竹下
4905,通り
4906,真ん中
4907,明治
4908,神宮前
4909,駅
4910,番
4911,出口
4912,ジャニーズショップ
4913,横目
4914,分
4915,到着
4916,入口
4917,半額
4918,告知
4919,ポスター
4920,サッポロ
4921,黒
4922,ラベル
4923,生ビール
4924,通常
4925,価格
4926,⇒
4927,デュアーズハイボール
4928,通常
4929,価格
4930,⇒。
4931,税
4932,抜
4933,価格
4934,半額
4935,フェア
4936,年
4937,月
4938,期間
4939,限定
4940,実施
4941,地下
4942,席
4943,テーブルー
4944,卓
4945,一
4946,人
4947,卓
4948,プロ
4949,席
4950,カウンター
4951,席
4952,テーブル
4953,残念
4954,ＪＫ
4955,席
4956,カウンター
4957,時
4958,残り
4959,分
4960,生ビール
4961,原宿
4962,ＪＫ
4963,観光
4964,地
4965,竹下
4966,通り
4967,気軽
4968,店
4969,ランチタイム
4970,昼
4971,定食
4972,類
4973,引き
4974,単品
4975,注文
4976,時
4977,過ぎ
4978,訪問
4979,客
4980,割
4981,割
4982,昼
4983,酒
4984,大盛り
4985,カレー
4986,唐
4987,揚げ
4988,トッピング
4989,納豆
4990,生
4991,卵
4992,注文
4993,全部
4994,場所
4995,味
4996,普通
4997,満足
4998,蕎麦
4999,オススメ
5000,後
5001,灰皿
5002,タバコ
5003,個室
5004,半
5005,個室
5006,モノトーン
5007,店
5008,大通り
5009,本
5010,ロジ
5011,乃木坂
5012,寄り
5013,コース
5014,料理
5015,出汁
5016,豚
5017,コース
5018,葱
5019,味わい
5020,隠れ家
5021,利用
5022,時期
5023,心
5024,放題
5025,飲み物
5026,メニュー
5027,利用
5028,表参道
5029,駅
5030,裏通り
5031,テラス
5032,席
5033,チェック
5034,柄
5035,テーブルクロス
5036,オシャレ
5037,イタリアン
5038,目
5039,右
5040,視線
5041,時
5042,ランチ
5043,看板
5044,入口
5045,Ｆ
5046,階段
5047,フロア
5048,豚
5049,メイン
5050,ダイニング
5051,豚汁
5052,ライス
5053,替り
5054,気
5055,種
5056,セット
5057,豚
5058,丼
5059,セット
5060,タレ
5061,豚肉
5062,旨味
5063,油脂
5064,汁
5065,ライス
5066,ライス
5067,相性
5068,旨味
5069,甘み
5070,ミックス
5071,風味
5072,和食
5073,出汁
5074,文化
5075,日本人
5076,味覚
5077,フィックス
5078,丼
5079,ライス
5080,替り
5081,表参道
5082,夜
5083,定食
5084,店
5085,コロナ
5086,影響
5087,飲食
5088,店
5089,非常
5090,状況
5091,消費
5092,者
5093,立場
5094,夜
5095,雰囲気
5096,的
5097,気軽
5098,定食
5099,表参道
5100,駅
5101,出口
5102,分
5103,建物
5104,階
5105,個室
5106,メイン
5107,和食
5108,居酒屋
5109,脂身
5110,甘み
5111,追加
5112,肉
5113,グレード
5114,蕎麦
5115,出汁
5116,投入
5117,蕎麦
5118,粉
5119,料理
5120,サービス
5121,雰囲気
5122,何
5123,印象
5124,一
5125,歩
5126,決め手
5127,利用
5128,友達
5129,女子
5130,会
5131,コース
5132,予約
5133,表参道
5134,ビル
5135,何
5136,度
5137,店
5138,初
5139,オシャレ
5140,雰囲気
5141,店
5142,土曜
5143,夕方
5144,満席
5145,少
5146,人数
5147,女子
5148,会
5149,デート
5150,カップル
5151,料理
5152,放題
5153,時間
5154,コース
5155,コスパ
5156,最高
5157,料理
5158,放題
5159,酒
5160,接客
5161,コース
5162,利用
5163,料理
5164,全部
5165,白身
5166,魚
5167,素
5168,鶏肉
5169,丁寧
5170,素材
5171,味付け
5172,デザート
5173,抹茶
5174,黒
5175,蜜
5176,寒天
5177,美味
5178,回
5179,目
5180,エレベーター
5181,店
5182,靴
5183,広め
5184,個室
5185,カウンター
5186,ジンジャー
5187,エール
5188,選
5189,銀
5190,鱈
5191,西京
5192,焼き
5193,出汁
5194,茶漬け
5195,:
5196,鯛
5197,塩
5198,鶏
5199,柚子
5200,胡椒
5201,焼き
5202,鰻
5203,串
5204,卵
5205,心
5206,選
5207,♡
5208,西京
5209,焼き
5210,巻き
5211,卵
5212,西京
5213,焼き
5214,一つ
5215,鶏
5216,鱈
5217,焼き
5218,加減
5219,大
5220,正解
5221,場所
5222,的
5223,駅
5224,立地
5225,的
5226,デート
5227,女子
5228,会
5229,最適
5230,雰囲気
5231,♡
5232,酒
5233,一
5234,回
5235,ランチ
5236,会話
5237,席
5238,用意
5239,貴重
5240,店
5241,会食
5242,店
5243,貴重
5244,店
5245,種類
5246,食事
5247,青山
5248,一
5249,丁目
5250,駅
5251,西側
5252,蕎麦
5253,ダイニング
5254,ランチ
5255,提供
5256,メニュー
5257,:
5258,提供
5259,宣伝
5260,:
5261,入
5262,店
5263,店内
5264,四
5265,人
5266,テーブル
5267,卓
5268,十
5269,人
5270,テーブル
5271,卓
5272,窓
5273,向き
5274,カウンター
5275,席
5276,席
5277,先客
5278,メニュー
5279,豚
5280,注文
5281,分
5282,程度
5283,料理
5284,到着
5285,支払い
5286,クレジットカード
